table_id,sequence_number,topic
B00001,9,technical
B00002,9,technical
B01001,10,age
B01001,10,sex
B01001A,10,age
B01001A,10,race
B01001A,10,sex
B01001B,10,age
B01001B,10,race
B01001B,10,sex
B01001C,10,age
B01001C,10,race
B01001C,10,sex
B01001D,10,age
B01001D,10,race
B01001D,10,sex
B01001E,11,age
B01001E,11,race
B01001E,11,sex
B01001F,11,age
B01001F,11,race
B01001F,11,sex
B01001G,11,age
B01001G,11,race
B01001G,11,sex
B01001H,11,age
B01001H,11,race
B01001H,11,sex
B01001I,11,age
B01001I,11,race
B01001I,11,sex
B01002,11,age
B01002,11,sex
B01002A,11,age
B01002A,11,race
B01002A,11,sex
B01002B,11,age
B01002B,11,race
B01002B,11,sex
B01002C,11,age
B01002C,11,race
B01002C,11,sex
B01002D,11,age
B01002D,11,race
B01002D,11,sex
B01002E,11,age
B01002E,11,race
B01002E,11,sex
B01002F,11,age
B01002F,11,race
B01002F,11,sex
B01002G,11,age
B01002G,11,race
B01002G,11,sex
B01002H,11,age
B01002H,11,race
B01002H,11,sex
B01002I,11,age
B01002I,11,race
B01002I,11,sex
B01003,11,age
B01003,11,sex
B02001,12,race
B02005,12,race
B02006,12,race
B02007,12,race
B02008,12,race
B02009,12,race
B02010,12,race
B02011,12,race
B02012,12,race
B02013,12,race
B03001,13,race
B03002,13,race
B03003,13,race
B04001,14,ancestry
B04002,14,ancestry
B04003,15,ancestry
B04004,15,ancestry
B04005,16,ancestry
B04006,16,ancestry
B04007,16,ancestry
B05001,17,place of birth
B05001,17,citizenship
B05001PR,111,place of birth
B05001PR,111,citizenship
B05002,111,place of birth
B05002,111,citizenship
B05003,111,place of birth
B05003,111,age
B05003,111,citizenship
B05003,111,sex
B05003A,111,place of birth
B05003A,111,age
B05003A,111,race
B05003A,111,citizenship
B05003A,111,sex
B05003B,111,place of birth
B05003B,111,age
B05003B,111,race
B05003B,111,citizenship
B05003B,111,sex
B05003C,111,place of birth
B05003C,111,age
B05003C,111,race
B05003C,111,citizenship
B05003C,111,sex
B05003D,111,place of birth
B05003D,111,age
B05003D,111,race
B05003D,111,citizenship
B05003D,111,sex
B05003E,111,place of birth
B05003E,111,age
B05003E,111,race
B05003E,111,citizenship
B05003E,111,sex
B05003F,111,place of birth
B05003F,111,age
B05003F,111,race
B05003F,111,citizenship
B05003F,111,sex
B05003G,111,place of birth
B05003G,111,age
B05003G,111,race
B05003G,111,citizenship
B05003G,111,sex
B05003H,111,place of birth
B05003H,111,age
B05003H,111,race
B05003H,111,citizenship
B05003H,111,sex
B05003I,112,place of birth
B05003I,112,age
B05003I,112,race
B05003I,112,citizenship
B05003I,112,sex
B05004,112,place of birth
B05004,112,age
B05004,112,citizenship
B05004,112,sex
B05005,18,place of birth
B05005,18,citizenship
B05005PR,112,place of birth
B05005PR,112,citizenship
B05006,18,place of birth
B05006PR,112,place of birth
B05007,19,place of birth
B05007,19,citizenship
B05008,19,place of birth
B05008,19,sex
B05009,19,place of birth
B05009,19,families
B05009,19,children
B05010,19,place of birth
B05010,19,poverty
B05010,19,families
B05010,19,children
B05010,19,income
B05012,19,place of birth
B06001,20,place of birth
B06001,20,age
B06001PR,113,place of birth
B06001PR,113,age
B06002,20,place of birth
B06002,20,age
B06002PR,113,place of birth
B06002PR,113,age
B06003,20,place of birth
B06003,20,sex
B06003PR,113,place of birth
B06003PR,113,sex
B06004A,20,place of birth
B06004A,20,race
B06004APR,113,place of birth
B06004APR,113,race
B06004B,20,place of birth
B06004B,20,race
B06004BPR,113,place of birth
B06004BPR,113,race
B06004C,20,place of birth
B06004C,20,race
B06004CPR,113,place of birth
B06004CPR,113,race
B06004D,20,place of birth
B06004D,20,race
B06004DPR,113,place of birth
B06004DPR,113,race
B06004E,20,place of birth
B06004E,20,race
B06004EPR,113,place of birth
B06004EPR,113,race
B06004F,20,place of birth
B06004F,20,race
B06004FPR,113,place of birth
B06004FPR,113,race
B06004G,20,place of birth
B06004G,20,race
B06004GPR,113,place of birth
B06004GPR,113,race
B06004H,20,place of birth
B06004H,20,race
B06004HPR,113,place of birth
B06004HPR,113,race
B06004I,20,place of birth
B06004I,20,race
B06004IPR,113,place of birth
B06004IPR,113,race
B06007,21,place of birth
B06007,21,language
B06007PR,114,place of birth
B06007PR,114,language
B06008,21,marital status
B06008,21,place of birth
B06008PR,114,marital status
B06008PR,114,place of birth
B06009,21,place of birth
B06009,21,education
B06009PR,114,place of birth
B06009PR,114,education
B06010,21,place of birth
B06010,21,income
B06010PR,114,place of birth
B06010PR,114,income
B06011,21,place of birth
B06011,21,income
B06011PR,114,place of birth
B06011PR,114,income
B06012,21,place of birth
B06012,21,poverty
B06012PR,114,place of birth
B06012PR,114,poverty
B07001,22,age
B07001,22,migration
B07001PR,115,age
B07001PR,115,migration
B07002,22,age
B07002,22,migration
B07002PR,115,age
B07002PR,115,migration
B07003,22,migration
B07003,22,sex
B07003PR,115,migration
B07003PR,115,sex
B07004A,22,race
B07004A,22,migration
B07004APR,115,race
B07004APR,115,migration
B07004B,22,race
B07004B,22,migration
B07004BPR,115,race
B07004BPR,115,migration
B07004C,22,race
B07004C,22,migration
B07004CPR,115,race
B07004CPR,115,migration
B07004D,22,race
B07004D,22,migration
B07004DPR,115,race
B07004DPR,115,migration
B07004E,22,race
B07004E,22,migration
B07004EPR,115,race
B07004EPR,115,migration
B07004F,22,race
B07004F,22,migration
B07004FPR,115,race
B07004FPR,115,migration
B07004G,22,race
B07004G,22,migration
B07004GPR,115,race
B07004GPR,115,migration
B07004H,22,race
B07004H,22,migration
B07004HPR,115,race
B07004HPR,115,migration
B07004I,22,race
B07004I,22,migration
B07004IPR,115,race
B07004IPR,115,migration
B07007,22,migration
B07007,22,citizenship
B07007PR,115,migration
B07007PR,115,citizenship
B07008,22,marital status
B07008,22,migration
B07008PR,115,marital status
B07008PR,115,migration
B07009,23,education
B07009,23,migration
B07009PR,116,education
B07009PR,116,migration
B07010,23,migration
B07010,23,income
B07010PR,116,migration
B07010PR,116,income
B07011,23,migration
B07011,23,income
B07011PR,116,migration
B07011PR,116,income
B07012,23,poverty
B07012,23,migration
B07012PR,116,poverty
B07012PR,116,migration
B07013,23,migration
B07013,23,tenure
B07013PR,116,migration
B07013PR,116,tenure
B07101,116,migration
B07202PR,116,migration
B07203PR,116,migration
B07204,24,migration
B07204PR,117,migration
B07401,1,age
B07401,1,migration
B07401PR,109,age
B07401PR,109,migration
B07402,1,age
B07402,1,migration
B07402PR,109,age
B07402PR,109,migration
B07403,1,migration
B07403,1,sex
B07403PR,109,migration
B07403PR,109,sex
B07404A,1,race
B07404A,1,migration
B07404APR,109,race
B07404APR,109,migration
B07404B,1,race
B07404B,1,migration
B07404BPR,109,race
B07404BPR,109,migration
B07404C,1,race
B07404C,1,migration
B07404CPR,109,race
B07404CPR,109,migration
B07404D,1,race
B07404D,1,migration
B07404DPR,109,race
B07404DPR,109,migration
B07404E,1,race
B07404E,1,migration
B07404EPR,109,race
B07404EPR,109,migration
B07404F,1,race
B07404F,1,migration
B07404FPR,109,race
B07404FPR,109,migration
B07404G,1,race
B07404G,1,migration
B07404GPR,109,race
B07404GPR,109,migration
B07404H,1,race
B07404H,1,migration
B07404HPR,109,race
B07404HPR,109,migration
B07404I,1,race
B07404I,1,migration
B07404IPR,109,race
B07404IPR,109,migration
B07407,1,migration
B07407,1,citizenship
B07407PR,109,migration
B07407PR,109,citizenship
B07408,1,marital status
B07408,1,migration
B07408PR,109,marital status
B07408PR,109,migration
B07409,1,education
B07409,1,migration
B07409PR,109,education
B07409PR,109,migration
B07410,2,migration
B07410,2,income
B07410PR,110,migration
B07410PR,110,income
B07411,2,migration
B07411,2,income
B07411PR,110,migration
B07411PR,110,income
B07412,2,poverty
B07412,2,migration
B07412PR,110,poverty
B07412PR,110,migration
B07413,2,migration
B07413,2,tenure
B07413PR,110,migration
B07413PR,110,tenure
B08006,25,commute
B08006,25,employment
B08007,25,commute
B08007,25,employment
B08008,25,commute
B08008,25,employment
B08009,25,commute
B08009,25,employment
B08011,25,commute
B08011,25,employment
B08012,25,commute
B08012,25,employment
B08013,25,commute
B08013,25,employment
B08013,25,sex
B08014,25,commute
B08014,25,employment
B08015,25,commute
B08015,25,employment
B08015,25,sex
B08016,25,commute
B08016,25,employment
B08017,26,commute
B08017,26,employment
B08018,26,commute
B08018,26,employment
B08101,26,age
B08101,26,commute
B08101,26,employment
B08103,26,age
B08103,26,commute
B08103,26,employment
B08105A,26,commute
B08105A,26,employment
B08105A,26,race
B08105B,26,commute
B08105B,26,employment
B08105B,26,race
B08105C,26,commute
B08105C,26,employment
B08105C,26,race
B08105D,26,commute
B08105D,26,employment
B08105D,26,race
B08105E,26,commute
B08105E,26,employment
B08105E,26,race
B08105F,26,commute
B08105F,26,employment
B08105F,26,race
B08105G,26,commute
B08105G,26,employment
B08105G,26,race
B08105H,26,commute
B08105H,26,employment
B08105H,26,race
B08105I,26,commute
B08105I,26,employment
B08105I,26,race
B08111,26,commute
B08111,26,employment
B08111,26,citizenship
B08113,27,commute
B08113,27,employment
B08113,27,language
B08119,27,commute
B08119,27,employment
B08119,27,income
B08121,27,commute
B08121,27,employment
B08121,27,income
B08122,27,employment
B08122,27,commute
B08122,27,poverty
B08124,27,commute
B08124,27,employment
B08126,28,commute
B08126,28,employment
B08128,28,commute
B08128,28,employment
B08130,28,commute
B08130,28,employment
B08131,28,commute
B08131,28,employment
B08132,29,commute
B08132,29,employment
B08133,29,commute
B08133,29,employment
B08135,29,commute
B08135,29,employment
B08137,29,commute
B08137,29,employment
B08137,29,tenure
B08141,29,commute
B08141,29,employment
B08201,30,commute
B08201,30,families
B08202,30,employment
B08202,30,commute
B08202,30,families
B08203,30,employment
B08203,30,commute
B08203,30,families
B08301,30,commute
B08301,30,employment
B08302,30,commute
B08302,30,employment
B08303,30,commute
B08303,30,employment
B08406,3,commute
B08406,3,employment
B08412,3,commute
B08412,3,employment
B08501,4,age
B08501,4,commute
B08501,4,employment
B08503,4,age
B08503,4,commute
B08503,4,employment
B08505A,4,commute
B08505A,4,employment
B08505A,4,race
B08505B,4,commute
B08505B,4,employment
B08505B,4,race
B08505C,4,commute
B08505C,4,employment
B08505C,4,race
B08505D,4,commute
B08505D,4,employment
B08505D,4,race
B08505E,4,commute
B08505E,4,employment
B08505E,4,race
B08505F,4,commute
B08505F,4,employment
B08505F,4,race
B08505G,4,commute
B08505G,4,employment
B08505G,4,race
B08505H,4,commute
B08505H,4,employment
B08505H,4,race
B08505I,4,commute
B08505I,4,employment
B08505I,4,race
B08511,4,commute
B08511,4,employment
B08511,4,citizenship
B08513,4,commute
B08513,4,employment
B08513,4,language
B08519,3,commute
B08519,3,employment
B08519,3,income
B08521,3,commute
B08521,3,employment
B08521,3,income
B08522,3,employment
B08522,3,commute
B08522,3,poverty
B08524,3,commute
B08524,3,employment
B08526,5,commute
B08526,5,employment
B08528,5,commute
B08528,5,employment
B08532,6,commute
B08532,6,employment
B08534,6,commute
B08534,6,employment
B08536,6,commute
B08536,6,employment
B08537,6,commute
B08537,6,employment
B08537,6,tenure
B08541,7,commute
B08541,7,employment
B08601,7,commute
B08601,7,employment
B08602,7,commute
B08602,7,employment
B08603,7,commute
B08603,7,employment
B09001,31,age
B09001,31,children
B09002,31,family type
B09002,31,families
B09002,31,children
B09005,31,families
B09005,31,children
B09006,31,families
B09006,31,children
B09008,31,families
B09008,31,children
B09010,31,public assistance
B09010,31,families
B09010,31,children
B09010,31,income
B09016,31,families
B09016,31,children
B09017,31,seniors
B09017,31,families
B09017,31,children
B10001,32,grandparents
B10001,32,age
B10001,32,families
B10001,32,children
B10002,32,grandparents
B10002,32,families
B10002,32,children
B10010,32,grandparents
B10010,32,families
B10010,32,children
B10010,32,income
B10050,32,grandparents
B10050,32,children
B10051,32,grandparents
B10051,32,children
B10051A,32,grandparents
B10051A,32,race
B10051A,32,children
B10051B,32,grandparents
B10051B,32,race
B10051B,32,children
B10051C,32,grandparents
B10051C,32,race
B10051C,32,children
B10051D,32,grandparents
B10051D,32,race
B10051D,32,children
B10051E,32,grandparents
B10051E,32,race
B10051E,32,children
B10051F,32,grandparents
B10051F,32,race
B10051F,32,children
B10051G,32,grandparents
B10051G,32,race
B10051G,32,children
B10051H,32,grandparents
B10051H,32,race
B10051H,32,children
B10051I,32,grandparents
B10051I,32,race
B10051I,32,children
B10053,32,grandparents
B10053,32,age
B10053,32,children
B10053,32,place of birth
B10054,32,grandparents
B10054,32,children
B10054,32,language
B10056,32,grandparents
B10056,32,children
B10057,32,marital status
B10057,32,grandparents
B10057,32,children
B10058,32,grandparents
B10058,32,employment
B10058,32,children
B10059,32,grandparents
B10059,32,poverty
B10059,32,children
B10060,32,grandparents
B10060,32,children
B10060,32,physical characteristics
B10061,32,grandparents
B10061,32,children
B10061,32,tenure
B10063,32,grandparents
B10063,32,families
B10063,32,children
B11001,33,families
B11001A,33,race
B11001A,33,families
B11001B,33,race
B11001B,33,families
B11001C,33,race
B11001C,33,families
B11001D,33,race
B11001D,33,families
B11001E,33,race
B11001E,33,families
B11001F,33,race
B11001F,33,families
B11001G,33,race
B11001G,33,families
B11001H,33,race
B11001H,33,families
B11001I,33,race
B11001I,33,families
B11002,34,families
B11002A,34,race
B11002A,34,families
B11002B,34,race
B11002B,34,families
B11002C,34,race
B11002C,34,families
B11002D,34,race
B11002D,34,families
B11002E,34,race
B11002E,34,families
B11002F,34,race
B11002F,34,families
B11002G,34,race
B11002G,34,families
B11002H,34,race
B11002H,34,families
B11002I,34,race
B11002I,34,families
B11003,34,families
B11003,34,children
B11004,34,families
B11004,34,children
B11005,34,families
B11005,34,children
B11006,34,families
B11007,34,seniors
B11007,34,families
B11009,34,families
B11009,34,sex
B11010,34,roommates
B11010,34,age
B11010,34,families
B11010,34,sex
B11011,33,families
B11011,33,physical characteristics
B11012,33,families
B11012,33,tenure
B11013,33,families
B11013,33,children
B11014,33,families
B11015,33,families
B11016,33,families
B12001,35,marital status
B12001,35,sex
B12002,35,marital status
B12002,35,age
B12002,35,sex
B12002A,36,marital status
B12002A,36,race
B12002A,36,sex
B12002B,36,marital status
B12002B,36,race
B12002B,36,sex
B12002C,36,marital status
B12002C,36,race
B12002C,36,sex
B12002D,36,marital status
B12002D,36,race
B12002D,36,sex
B12002E,36,marital status
B12002E,36,race
B12002E,36,sex
B12002F,36,marital status
B12002F,36,race
B12002F,36,sex
B12002G,36,marital status
B12002G,36,race
B12002G,36,sex
B12002H,36,marital status
B12002H,36,race
B12002H,36,sex
B12002I,36,marital status
B12002I,36,race
B12002I,36,sex
B12005,36,marital status
B12005,36,place of birth
B12006,36,marital status
B12006,36,sex
B12007,36,marital status
B12007A,36,marital status
B12007A,36,race
B12007B,36,marital status
B12007B,36,race
B12007C,36,marital status
B12007C,36,race
B12007D,36,marital status
B12007D,36,race
B12007E,36,marital status
B12007E,36,race
B12007F,36,marital status
B12007F,36,race
B12007G,36,marital status
B12007G,36,race
B12007H,36,marital status
B12007H,36,race
B12007I,36,marital status
B12007I,36,race
B13001,37,marital status
B13001,37,age
B13001,37,fertility
B13002,37,marital status
B13002,37,fertility
B13002A,37,marital status
B13002A,37,fertility
B13002A,37,race
B13002B,37,marital status
B13002B,37,fertility
B13002B,37,race
B13002C,37,marital status
B13002C,37,fertility
B13002C,37,race
B13002D,37,marital status
B13002D,37,fertility
B13002D,37,race
B13002E,37,marital status
B13002E,37,fertility
B13002E,37,race
B13002F,37,marital status
B13002F,37,fertility
B13002F,37,race
B13002G,37,marital status
B13002G,37,fertility
B13002G,37,race
B13002H,37,marital status
B13002H,37,fertility
B13002H,37,race
B13002I,37,marital status
B13002I,37,fertility
B13002I,37,race
B13004,37,marital status
B13004,37,fertility
B13008,37,marital status
B13008,37,place of birth
B13008,37,fertility
B13010,37,marital status
B13010,37,fertility
B13010,37,poverty
B13012,37,marital status
B13012,37,fertility
B13014,37,marital status
B13014,37,fertility
B13014,37,education
B13015,37,public assistance
B13015,37,marital status
B13015,37,fertility
B13015,37,income
B13016,37,age
B13016,37,fertility
B14001,38,education
B14002,38,education
B14002,38,sex
B14003,38,age
B14003,38,education
B14003,38,sex
B14004,38,age
B14004,38,education
B14004,38,sex
B14005,39,education
B14005,39,employment
B14005,39,sex
B14006,39,education
B14006,39,poverty
B15001,40,age
B15001,40,education
B15001,40,sex
B15002,40,education
B15002,40,sex
B16001,41,language
B16002,42,age
B16002,42,families
B16002,42,language
B16003,42,age
B16003,42,families
B16003,42,language
B16004,42,age
B16004,42,language
B16005,42,place of birth
B16005,42,language
B16005A,42,place of birth
B16005A,42,race
B16005A,42,language
B16005B,42,place of birth
B16005B,42,race
B16005B,42,language
B16005C,42,place of birth
B16005C,42,race
B16005C,42,language
B16005D,42,place of birth
B16005D,42,race
B16005D,42,language
B16005E,42,place of birth
B16005E,42,race
B16005E,42,language
B16005F,42,place of birth
B16005F,42,race
B16005F,42,language
B16005G,42,place of birth
B16005G,42,race
B16005G,42,language
B16005H,42,place of birth
B16005H,42,race
B16005H,42,language
B16005I,42,place of birth
B16005I,42,race
B16005I,42,language
B16006,42,race
B16006,42,language
B16007,43,age
B16007,43,language
B16008,43,age
B16008,43,citizenship
B16008,43,language
B16009,43,age
B16009,43,poverty
B16009,43,language
B16010,43,education
B16010,43,employment
B16010,43,language
B17001,44,age
B17001,44,poverty
B17001,44,sex
B17001A,44,age
B17001A,44,race
B17001A,44,poverty
B17001A,44,sex
B17001B,44,age
B17001B,44,race
B17001B,44,poverty
B17001B,44,sex
B17001C,44,age
B17001C,44,race
B17001C,44,poverty
B17001C,44,sex
B17001D,45,age
B17001D,45,race
B17001D,45,poverty
B17001D,45,sex
B17001E,45,age
B17001E,45,race
B17001E,45,poverty
B17001E,45,sex
B17001F,45,age
B17001F,45,race
B17001F,45,poverty
B17001F,45,sex
B17001G,45,age
B17001G,45,race
B17001G,45,poverty
B17001G,45,sex
B17001H,46,age
B17001H,46,race
B17001H,46,poverty
B17001H,46,sex
B17001I,46,age
B17001I,46,race
B17001I,46,poverty
B17001I,46,sex
B17003,46,education
B17003,46,poverty
B17003,46,sex
B17004,46,employment
B17004,46,poverty
B17004,46,sex
B17005,46,employment
B17005,46,poverty
B17005,46,sex
B17006,46,families
B17006,46,age
B17006,46,family type
B17006,46,poverty
B17006,46,children
B17007,47,age
B17007,47,poverty
B17007,47,sex
B17008,47,sex
B17008,47,poverty
B17008,47,income
B17009,47,families
B17009,47,employment
B17009,47,poverty
B17010,47,families
B17010,47,age
B17010,47,family type
B17010,47,poverty
B17010,47,children
B17010A,47,race
B17010A,47,families
B17010A,47,age
B17010A,47,family type
B17010A,47,poverty
B17010A,47,children
B17010B,47,race
B17010B,47,families
B17010B,47,age
B17010B,47,family type
B17010B,47,poverty
B17010B,47,children
B17010C,47,race
B17010C,47,families
B17010C,47,age
B17010C,47,family type
B17010C,47,poverty
B17010C,47,children
B17010D,48,race
B17010D,48,families
B17010D,48,age
B17010D,48,family type
B17010D,48,poverty
B17010D,48,children
B17010E,48,race
B17010E,48,families
B17010E,48,age
B17010E,48,family type
B17010E,48,poverty
B17010E,48,children
B17010F,48,race
B17010F,48,families
B17010F,48,age
B17010F,48,family type
B17010F,48,poverty
B17010F,48,children
B17010G,48,race
B17010G,48,families
B17010G,48,age
B17010G,48,family type
B17010G,48,poverty
B17010G,48,children
B17010H,48,race
B17010H,48,families
B17010H,48,age
B17010H,48,family type
B17010H,48,poverty
B17010H,48,children
B17010I,49,race
B17010I,49,families
B17010I,49,age
B17010I,49,family type
B17010I,49,poverty
B17010I,49,children
B17011,49,families
B17011,49,family type
B17011,49,poverty
B17011,49,income
B17012,49,families
B17012,49,poverty
B17012,49,children
B17013,49,families
B17013,49,poverty
B17014,49,families
B17014,49,employment
B17014,49,poverty
B17015,49,public assistance
B17015,49,families
B17015,49,family type
B17015,49,poverty
B17015,49,income
B17016,49,families
B17016,49,employment
B17016,49,family type
B17016,49,poverty
B17017,50,families
B17017,50,age
B17017,50,poverty
B17018,50,families
B17018,50,education
B17018,50,poverty
B17019,50,families
B17019,50,poverty
B17019,50,tenure
B17020A,50,age
B17020A,50,race
B17020A,50,poverty
B17020B,50,age
B17020B,50,race
B17020B,50,poverty
B17020C,50,age
B17020C,50,race
B17020C,50,poverty
B17020D,50,age
B17020D,50,race
B17020D,50,poverty
B17020E,50,age
B17020E,50,race
B17020E,50,poverty
B17020F,50,age
B17020F,50,race
B17020F,50,poverty
B17020G,50,age
B17020G,50,race
B17020G,50,poverty
B17020H,51,age
B17020H,51,race
B17020H,51,poverty
B17020I,51,age
B17020I,51,race
B17020I,51,poverty
B17021,51,families
B17021,51,poverty
B17022,51,families
B17022,51,age
B17022,51,family type
B17022,51,poverty
B17022,51,income
B17022,51,children
B17023,51,families
B17023,51,poverty
B17023,51,children
B17024,52,age
B17024,52,poverty
B17024,52,income
B17025,52,place of birth
B17025,52,poverty
B17026,52,families
B17026,52,poverty
B17026,52,income
B19001,53,families
B19001,53,income
B19001A,53,race
B19001A,53,families
B19001A,53,income
B19001B,53,race
B19001B,53,families
B19001B,53,income
B19001C,53,race
B19001C,53,families
B19001C,53,income
B19001D,53,race
B19001D,53,families
B19001D,53,income
B19001E,53,race
B19001E,53,families
B19001E,53,income
B19001F,53,race
B19001F,53,families
B19001F,53,income
B19001G,53,race
B19001G,53,families
B19001G,53,income
B19001H,53,race
B19001H,53,families
B19001H,53,income
B19001I,53,race
B19001I,53,families
B19001I,53,income
B19013,53,families
B19013,53,income
B19013A,53,race
B19013A,53,families
B19013A,53,income
B19013B,53,race
B19013B,53,families
B19013B,53,income
B19013C,53,race
B19013C,53,families
B19013C,53,income
B19013D,53,race
B19013D,53,families
B19013D,53,income
B19013E,53,race
B19013E,53,families
B19013E,53,income
B19013F,53,race
B19013F,53,families
B19013F,53,income
B19013G,53,race
B19013G,53,families
B19013G,53,income
B19013H,53,race
B19013H,53,families
B19013H,53,income
B19013I,53,race
B19013I,53,families
B19013I,53,income
B19019,53,families
B19019,53,income
B19025,53,families
B19025,53,income
B19025A,53,race
B19025A,53,families
B19025A,53,income
B19025B,53,race
B19025B,53,families
B19025B,53,income
B19025C,53,race
B19025C,53,families
B19025C,53,income
B19025D,53,race
B19025D,53,families
B19025D,53,income
B19025E,53,race
B19025E,53,families
B19025E,53,income
B19025F,53,race
B19025F,53,families
B19025F,53,income
B19025G,53,race
B19025G,53,families
B19025G,53,income
B19025H,53,race
B19025H,53,families
B19025H,53,income
B19025I,53,race
B19025I,53,families
B19025I,53,income
B19037,54,families
B19037,54,income
B19037A,54,race
B19037A,54,families
B19037A,54,income
B19037B,54,race
B19037B,54,families
B19037B,54,income
B19037C,55,race
B19037C,55,families
B19037C,55,income
B19037D,55,race
B19037D,55,families
B19037D,55,income
B19037E,55,race
B19037E,55,families
B19037E,55,income
B19037F,56,race
B19037F,56,families
B19037F,56,income
B19037G,56,race
B19037G,56,families
B19037G,56,income
B19037H,56,race
B19037H,56,families
B19037H,56,income
B19037I,57,race
B19037I,57,families
B19037I,57,income
B19049,57,age
B19049,57,families
B19049,57,income
B19050,57,age
B19050,57,families
B19050,57,income
B19051,57,families
B19051,57,income
B19052,57,families
B19052,57,income
B19053,57,employment
B19053,57,families
B19053,57,income
B19054,57,families
B19054,57,income
B19055,57,families
B19055,57,income
B19056,57,families
B19056,57,income
B19057,57,public assistance
B19057,57,families
B19057,57,income
B19058,57,public assistance
B19058,57,families
B19058,57,income
B19059,57,families
B19059,57,income
B19060,57,families
B19060,57,income
B19061,57,families
B19061,57,income
B19062,57,families
B19062,57,income
B19063,57,employment
B19063,57,families
B19063,57,income
B19064,57,families
B19064,57,income
B19065,57,families
B19065,57,income
B19066,57,families
B19066,57,income
B19067,57,public assistance
B19067,57,families
B19067,57,income
B19069,57,families
B19069,57,income
B19070,57,families
B19070,57,income
B19080,57,families
B19080,57,income
B19081,57,families
B19081,57,income
B19082,57,families
B19082,57,income
B19083,57,income
B19101,58,families
B19101,58,income
B19101A,58,race
B19101A,58,families
B19101A,58,income
B19101B,58,race
B19101B,58,families
B19101B,58,income
B19101C,58,race
B19101C,58,families
B19101C,58,income
B19101D,58,race
B19101D,58,families
B19101D,58,income
B19101E,58,race
B19101E,58,families
B19101E,58,income
B19101F,58,race
B19101F,58,families
B19101F,58,income
B19101G,58,race
B19101G,58,families
B19101G,58,income
B19101H,58,race
B19101H,58,families
B19101H,58,income
B19101I,58,race
B19101I,58,families
B19101I,58,income
B19113,58,families
B19113,58,income
B19113A,58,race
B19113A,58,families
B19113A,58,income
B19113B,58,race
B19113B,58,families
B19113B,58,income
B19113C,58,race
B19113C,58,families
B19113C,58,income
B19113D,58,race
B19113D,58,families
B19113D,58,income
B19113E,58,race
B19113E,58,families
B19113E,58,income
B19113F,58,race
B19113F,58,families
B19113F,58,income
B19113G,58,race
B19113G,58,families
B19113G,58,income
B19113H,58,race
B19113H,58,families
B19113H,58,income
B19113I,58,race
B19113I,58,families
B19113I,58,income
B19119,58,family type
B19119,58,families
B19119,58,income
B19121,58,families
B19121,58,income
B19125,58,families
B19125,58,children
B19125,58,income
B19126,58,family type
B19126,58,families
B19126,58,children
B19126,58,income
B19127,58,families
B19127,58,income
B19128,58,family type
B19128,58,families
B19128,58,children
B19128,58,income
B19129,58,employment
B19129,58,families
B19129,58,income
B19130,57,age
B19130,57,family type
B19130,57,families
B19130,57,income
B19131,59,family type
B19131,59,families
B19131,59,children
B19131,59,income
B19201,59,roommates
B19201,59,families
B19201,59,income
B19202,59,roommates
B19202,59,families
B19202,59,income
B19202A,59,roommates
B19202A,59,race
B19202A,59,families
B19202A,59,income
B19202B,59,roommates
B19202B,59,race
B19202B,59,families
B19202B,59,income
B19202C,59,roommates
B19202C,59,race
B19202C,59,families
B19202C,59,income
B19202D,59,roommates
B19202D,59,race
B19202D,59,families
B19202D,59,income
B19202E,59,roommates
B19202E,59,race
B19202E,59,families
B19202E,59,income
B19202F,59,roommates
B19202F,59,race
B19202F,59,families
B19202F,59,income
B19202G,59,roommates
B19202G,59,race
B19202G,59,families
B19202G,59,income
B19202H,59,roommates
B19202H,59,race
B19202H,59,families
B19202H,59,income
B19202I,59,roommates
B19202I,59,race
B19202I,59,families
B19202I,59,income
B19214,59,roommates
B19214,59,families
B19214,59,income
B19215,59,roommates
B19215,59,age
B19215,59,sex
B19215,59,families
B19215,59,income
B19216,59,roommates
B19216,59,age
B19216,59,sex
B19216,59,families
B19216,59,income
B19301,59,income
B19301A,59,race
B19301A,59,income
B19301B,59,race
B19301B,59,income
B19301C,59,race
B19301C,59,income
B19301D,59,race
B19301D,59,income
B19301E,59,race
B19301E,59,income
B19301F,59,race
B19301F,59,income
B19301G,59,race
B19301G,59,income
B19301H,59,race
B19301H,59,income
B19301I,59,race
B19301I,59,income
B19313,59,income
B19313A,59,race
B19313A,59,income
B19313B,59,race
B19313B,59,income
B19313C,59,race
B19313C,59,income
B19313D,59,race
B19313D,59,income
B19313E,59,race
B19313E,59,income
B19313F,59,race
B19313F,59,income
B19313G,59,race
B19313G,59,income
B19313H,59,race
B19313H,59,income
B19313I,59,race
B19313I,59,income
B19325,60,sex
B19325,60,employment
B19325,60,income
B19326,60,sex
B19326,60,employment
B19326,60,income
B20001,61,sex
B20001,61,income
B20002,61,sex
B20002,61,income
B20003,61,sex
B20003,61,employment
B20003,61,income
B20004,61,education
B20004,61,sex
B20004,61,income
B20005,61,sex
B20005,61,employment
B20005,61,income
B20005A,62,sex
B20005A,62,race
B20005A,62,employment
B20005A,62,income
B20005B,62,sex
B20005B,62,employment
B20005B,62,race
B20005B,62,income
B20005C,63,sex
B20005C,63,race
B20005C,63,employment
B20005C,63,income
B20005D,63,sex
B20005D,63,race
B20005D,63,employment
B20005D,63,income
B20005E,64,sex
B20005E,64,race
B20005E,64,employment
B20005E,64,income
B20005F,64,sex
B20005F,64,race
B20005F,64,employment
B20005F,64,income
B20005G,65,sex
B20005G,65,race
B20005G,65,employment
B20005G,65,income
B20005H,65,sex
B20005H,65,race
B20005H,65,employment
B20005H,65,income
B20005I,66,sex
B20005I,66,employment
B20005I,66,race
B20005I,66,income
B20017,66,sex
B20017,66,employment
B20017,66,income
B20017A,66,sex
B20017A,66,race
B20017A,66,employment
B20017A,66,income
B20017B,66,sex
B20017B,66,employment
B20017B,66,race
B20017B,66,income
B20017C,66,sex
B20017C,66,race
B20017C,66,employment
B20017C,66,income
B20017D,66,sex
B20017D,66,race
B20017D,66,employment
B20017D,66,income
B20017E,66,sex
B20017E,66,race
B20017E,66,employment
B20017E,66,income
B20017F,66,sex
B20017F,66,race
B20017F,66,employment
B20017F,66,income
B20017G,66,sex
B20017G,66,race
B20017G,66,employment
B20017G,66,income
B20017H,66,sex
B20017H,66,race
B20017H,66,employment
B20017H,66,income
B20017I,66,sex
B20017I,66,employment
B20017I,66,race
B20017I,66,income
B21001,67,age
B21001,67,veterans
B21001,67,sex
B21002,67,veterans
B21003,67,education
B21003,67,veterans
B21004,67,sex
B21004,67,veterans
B21004,67,income
B21005,67,employment
B21005,67,age
B21005,67,veterans
B22001,68,public assistance
B22001,68,families
B22002,68,public assistance
B22002,68,families
B22002,68,children
B22003,68,public assistance
B22003,68,poverty
B22003,68,families
B22005A,68,public assistance
B22005A,68,race
B22005A,68,families
B22005B,68,public assistance
B22005B,68,race
B22005B,68,families
B22005C,68,public assistance
B22005C,68,race
B22005C,68,families
B22005D,68,public assistance
B22005D,68,race
B22005D,68,families
B22005E,68,public assistance
B22005E,68,race
B22005E,68,families
B22005F,68,public assistance
B22005F,68,race
B22005F,68,families
B22005G,68,public assistance
B22005G,68,race
B22005G,68,families
B22005H,68,public assistance
B22005H,68,race
B22005H,68,families
B22005I,68,public assistance
B22005I,68,race
B22005I,68,families
B22007,68,public assistance
B22007,68,employment
B22007,68,family type
B22007,68,families
B22008,68,public assistance
B22008,68,families
B22008,68,income
B23001,69,age
B23001,69,employment
B23001,69,sex
B23003,70,age
B23003,70,employment
B23003,70,children
B23004,70,seniors
B23004,70,age
B23004,70,employment
B23006,71,education
B23006,71,employment
B23007,71,families
B23007,71,family type
B23007,71,employment
B23007,71,children
B23008,71,families
B23008,71,employment
B23008,71,children
B23009,71,families
B23009,71,family type
B23009,71,employment
B23009,71,children
B23010,71,families
B23010,71,employment
B23010,71,children
B23013,71,age
B23013,71,employment
B23013,71,sex
B23018,71,employment
B23018,71,sex
B23020,71,employment
B23022,71,employment
B23022,71,sex
B24011,72,employment
B24011,72,income
B24012,73,sex
B24012,73,employment
B24012,73,income
B24021,73,employment
B24021,73,income
B24022,74,sex
B24022,74,employment
B24022,74,income
B24031,74,employment
B24031,74,income
B24032,74,sex
B24032,74,employment
B24032,74,income
B24041,75,employment
B24041,75,income
B24042,75,sex
B24042,75,employment
B24042,75,income
B24080,76,employment
B24080,76,sex
B24081,76,employment
B24081,76,income
B24082,76,sex
B24082,76,employment
B24082,76,income
B24090,76,employment
B24090,76,sex
B24091,76,employment
B24091,76,income
B24092,76,sex
B24092,76,employment
B24092,76,income
B24121,79,employment
B24121,79,income
B24122,82,employment
B24122,82,income
B24123,85,employment
B24123,85,income
B24124,88,employment
B24125,91,employment
B24126,94,employment
B25001,95,housing
B25002,95,housing
B25002,95,occupancy
B25003,95,housing
B25003,95,tenure
B25003A,95,housing
B25003A,95,race
B25003A,95,families
B25003A,95,tenure
B25003B,95,housing
B25003B,95,race
B25003B,95,families
B25003B,95,tenure
B25003C,95,housing
B25003C,95,race
B25003C,95,families
B25003C,95,tenure
B25003D,95,housing
B25003D,95,race
B25003D,95,families
B25003D,95,tenure
B25003E,95,housing
B25003E,95,race
B25003E,95,families
B25003E,95,tenure
B25003F,95,housing
B25003F,95,race
B25003F,95,families
B25003F,95,tenure
B25003G,95,housing
B25003G,95,race
B25003G,95,families
B25003G,95,tenure
B25003H,95,housing
B25003H,95,race
B25003H,95,families
B25003H,95,tenure
B25003I,95,housing
B25003I,95,race
B25003I,95,families
B25003I,95,tenure
B25004,95,housing
B25004,95,occupancy
B25005,95,housing
B25005,95,occupancy
B25006,95,housing
B25006,95,race
B25006,95,families
B25007,95,housing
B25007,95,families
B25007,95,age
B25007,95,tenure
B25008,95,housing
B25008,95,tenure
B25008,95,age
B25008,95,sex
B25009,95,housing
B25009,95,families
B25009,95,tenure
B25010,95,housing
B25010,95,families
B25010,95,tenure
B25011,95,housing
B25011,95,families
B25011,95,tenure
B25012,95,housing
B25012,95,family type
B25012,95,families
B25012,95,children
B25012,95,tenure
B25013,95,housing
B25013,95,education
B25013,95,families
B25013,95,tenure
B25014,95,housing
B25014,95,occupancy
B25014,95,tenure
B25014A,95,housing
B25014A,95,race
B25014A,95,families
B25014A,95,occupancy
B25014B,95,housing
B25014B,95,race
B25014B,95,families
B25014B,95,occupancy
B25014C,95,housing
B25014C,95,race
B25014C,95,families
B25014C,95,occupancy
B25014D,95,housing
B25014D,95,race
B25014D,95,families
B25014D,95,occupancy
B25014E,95,housing
B25014E,95,race
B25014E,95,families
B25014E,95,occupancy
B25014F,95,housing
B25014F,95,race
B25014F,95,families
B25014F,95,occupancy
B25014G,95,housing
B25014G,95,race
B25014G,95,families
B25014G,95,occupancy
B25014H,95,housing
B25014H,95,race
B25014H,95,families
B25014H,95,occupancy
B25014I,95,housing
B25014I,95,race
B25014I,95,families
B25014I,95,occupancy
B25015,95,housing
B25015,95,families
B25015,95,age
B25015,95,occupancy
B25015,95,tenure
B25016,96,housing
B25016,96,physical characteristics
B25016,96,occupancy
B25016,96,tenure
B25017,96,housing
B25017,96,physical characteristics
B25018,96,housing
B25018,96,physical characteristics
B25019,96,housing
B25019,96,physical characteristics
B25020,96,housing
B25020,96,physical characteristics
B25020,96,tenure
B25021,96,housing
B25021,96,physical characteristics
B25021,96,tenure
B25022,96,housing
B25022,96,physical characteristics
B25022,96,tenure
B25023,96,housing
B25023,96,physical characteristics
B25023,96,occupancy
B25024,96,housing
B25024,96,physical characteristics
B25026,96,housing
B25026,96,sex
B25026,96,families
B25026,96,age
B25026,96,tenure
B25027,96,housing
B25027,96,families
B25027,96,age
B25027,96,mortgage
B25032,96,housing
B25032,96,physical characteristics
B25032,96,tenure
B25032A,96,housing
B25032A,96,race
B25032A,96,families
B25032A,96,physical characteristics
B25032B,96,housing
B25032B,96,race
B25032B,96,families
B25032B,96,physical characteristics
B25032C,96,housing
B25032C,96,race
B25032C,96,families
B25032C,96,physical characteristics
B25032D,96,housing
B25032D,96,race
B25032D,96,families
B25032D,96,physical characteristics
B25032E,96,housing
B25032E,96,race
B25032E,96,families
B25032E,96,physical characteristics
B25032F,96,housing
B25032F,96,race
B25032F,96,families
B25032F,96,physical characteristics
B25032G,96,housing
B25032G,96,race
B25032G,96,families
B25032G,96,physical characteristics
B25032H,96,housing
B25032H,96,race
B25032H,96,families
B25032H,96,physical characteristics
B25032I,96,housing
B25032I,96,race
B25032I,96,families
B25032I,96,physical characteristics
B25033,96,age
B25033,96,housing
B25033,96,tenure
B25033,96,physical characteristics
B25033,96,sex
B25034,97,housing
B25034,97,physical characteristics
B25035,97,housing
B25035,97,physical characteristics
B25036,97,housing
B25036,97,physical characteristics
B25036,97,tenure
B25037,97,housing
B25037,97,physical characteristics
B25037,97,tenure
B25038,97,housing
B25038,97,families
B25038,97,tenure
B25039,97,housing
B25039,97,families
B25039,97,tenure
B25040,97,housing
B25040,97,physical characteristics
B25041,97,housing
B25041,97,physical characteristics
B25042,97,housing
B25042,97,physical characteristics
B25042,97,tenure
B25043,97,housing
B25043,97,families
B25043,97,age
B25043,97,tenure
B25044,97,housing
B25044,97,commute
B25044,97,tenure
B25045,97,housing
B25045,97,commute
B25045,97,families
B25045,97,age
B25045,97,tenure
B25046,97,housing
B25046,97,commute
B25046,97,tenure
B25047,97,housing
B25047,97,physical characteristics
B25048,97,housing
B25048,97,physical characteristics
B25049,97,housing
B25049,97,physical characteristics
B25049,97,tenure
B25050,97,housing
B25050,97,physical characteristics
B25050,97,occupancy
B25051,97,housing
B25051,97,physical characteristics
B25052,97,housing
B25052,97,physical characteristics
B25053,97,housing
B25053,97,physical characteristics
B25053,97,tenure
B25054,97,housing
B25054,97,physical characteristics
B25055,97,housing
B25055,97,families
B25056,97,costs and value
B25056,97,housing
B25057,97,costs and value
B25057,97,housing
B25058,97,costs and value
B25058,97,housing
B25059,97,costs and value
B25059,97,housing
B25060,97,costs and value
B25060,97,housing
B25061,98,costs and value
B25061,98,housing
B25062,98,costs and value
B25062,98,housing
B25063,98,costs and value
B25063,98,housing
B25064,98,costs and value
B25064,98,housing
B25065,98,costs and value
B25065,98,housing
B25066,98,costs and value
B25066,98,housing
B25066,98,physical characteristics
B25067,98,costs and value
B25067,98,housing
B25068,98,costs and value
B25068,98,housing
B25068,98,physical characteristics
B25069,98,costs and value
B25069,98,housing
B25070,98,costs and value
B25070,98,housing
B25070,98,families
B25070,98,income
B25071,98,costs and value
B25071,98,housing
B25071,98,families
B25071,98,income
B25072,98,costs and value
B25072,98,housing
B25072,98,families
B25072,98,income
B25073,98,costs and value
B25073,98,housing
B25073,98,families
B25073,98,physical characteristics
B25073,98,income
B25074,99,costs and value
B25074,99,housing
B25074,99,families
B25074,99,income
B25075,99,costs and value
B25075,99,housing
B25076,99,costs and value
B25076,99,housing
B25077,99,costs and value
B25077,99,housing
B25078,99,costs and value
B25078,99,housing
B25079,99,costs and value
B25079,99,housing
B25079,99,families
B25079,99,age
B25080,99,costs and value
B25080,99,housing
B25080,99,physical characteristics
B25081,99,housing
B25081,99,mortgage
B25082,99,costs and value
B25082,99,housing
B25082,99,mortgage
B25083,99,costs and value
B25083,99,housing
B25085,99,costs and value
B25085,99,housing
B25086,99,costs and value
B25086,99,housing
B25087,99,costs and value
B25087,99,housing
B25087,99,mortgage
B25088,99,costs and value
B25088,99,housing
B25088,99,mortgage
B25089,99,costs and value
B25089,99,housing
B25089,99,mortgage
B25090,99,costs and value
B25090,99,housing
B25090,99,mortgage
B25091,99,costs and value
B25091,99,housing
B25091,99,families
B25091,99,mortgage
B25091,99,income
B25092,99,costs and value
B25092,99,housing
B25092,99,families
B25092,99,income
B25093,99,costs and value
B25093,99,housing
B25093,99,families
B25093,99,income
B25094,99,costs and value
B25094,99,housing
B25096,98,costs and value
B25096,98,housing
B25096,98,mortgage
B25097,98,costs and value
B25097,98,housing
B25097,98,mortgage
B25098,100,housing
B25098,100,families
B25098,100,mortgage
B25098,100,income
B25099,100,housing
B25099,100,families
B25099,100,mortgage
B25099,100,income
B25100,100,costs and value
B25100,100,housing
B25100,100,families
B25100,100,mortgage
B25100,100,income
B25101,100,costs and value
B25101,100,housing
B25101,100,families
B25101,100,mortgage
B25101,100,income
B25102,100,costs and value
B25102,100,housing
B25102,100,mortgage
B25103,100,costs and value
B25103,100,housing
B25103,100,mortgage
B25104,100,costs and value
B25104,100,housing
B25105,100,costs and value
B25105,100,housing
B25106,100,costs and value
B25106,100,housing
B25106,100,tenure
B25106,100,families
B25106,100,income
B25107,100,costs and value
B25107,100,housing
B25107,100,physical characteristics
B25108,100,costs and value
B25108,100,housing
B25108,100,physical characteristics
B25109,100,costs and value
B25109,100,housing
B25109,100,families
B25109,100,tenure
B25110,100,costs and value
B25110,100,housing
B25110,100,families
B25110,100,tenure
B25111,100,costs and value
B25111,100,housing
B25111,100,physical characteristics
B25112,100,costs and value
B25112,100,housing
B25112,100,physical characteristics
B25113,100,costs and value
B25113,100,housing
B25113,100,families
B25113,100,tenure
B25114,100,costs and value
B25114,100,housing
B25114,100,families
B25114,100,tenure
B25115,101,housing
B25115,101,families
B25115,101,children
B25115,101,tenure
B25116,101,housing
B25116,101,families
B25116,101,age
B25116,101,tenure
B25117,101,housing
B25117,101,physical characteristics
B25117,101,tenure
B25118,101,housing
B25118,101,tenure
B25118,101,families
B25118,101,income
B25119,101,housing
B25119,101,tenure
B25119,101,families
B25119,101,income
B25120,101,housing
B25120,101,tenure
B25120,101,families
B25120,101,mortgage
B25120,101,income
B25121,101,costs and value
B25121,101,housing
B25121,101,families
B25121,101,income
B25122,102,costs and value
B25122,102,housing
B25122,102,families
B25122,102,income
B25123,102,housing
B25123,102,tenure
B25124,102,housing
B25124,102,families
B25124,102,physical characteristics
B25124,102,tenure
B25125,103,age
B25125,103,housing
B25125,103,families
B25125,103,physical characteristics
B25125,103,tenure
B25126,103,age
B25126,103,housing
B25126,103,families
B25126,103,physical characteristics
B25126,103,tenure
B25127,103,housing
B25127,103,physical characteristics
B25127,103,tenure
B25128,103,housing
B25128,103,families
B25128,103,age
B25128,103,tenure
B25129,104,housing
B25129,104,families
B25129,104,physical characteristics
B25129,104,tenure
B26001,105,group quarters
B98001,106,technical
B98002,106,technical
B98002,106,group quarters
B98011,106,technical
B98012,106,technical
B98012,106,age
B98012,106,sex
B98013,106,technical
B98013,106,age
B98013,106,race
B98013,106,sex
B98014,106,technical
B98014,106,group quarters
B98021,106,technical
B98022,106,technical
B98022,106,group quarters
B98031,106,technical
B98032,106,technical
B99011,118,technical
B99012,118,technical
B99021,118,technical
B99021,118,race
B99031,118,technical
B99031,118,race
B99051,118,technical
B99051,118,citizenship
B99052,107,technical
B99052PR,118,technical
B99061,118,technical
B99061,118,place of birth
B99071,118,technical
B99072,118,technical
B99080,118,technical
B99080,118,commute
B99080,118,employment
B99081,118,technical
B99081,118,commute
B99081,118,employment
B99082,118,technical
B99082,118,occupancy
B99083,118,technical
B99083,118,commute
B99083,118,employment
B99084,118,technical
B99084,118,commute
B99084,118,employment
B99085,118,technical
B99085,118,commute
B99085,118,employment
B99086,8,technical
B99086,8,commute
B99086,8,employment
B99087,8,technical
B99087,8,commute
B99087,8,employment
B99088,8,technical
B99088,8,commute
B99088,8,employment
B99089,8,technical
B99089,8,commute
B99089,8,employment
B99092,118,technical
B99102,118,technical
B99102,118,grandparents
B99102,118,children
B99103,118,technical
B99103,118,grandparents
B99103,118,children
B99104,118,technical
B99104,118,grandparents
B99104,118,children
B99121,118,technical
B99121,118,marital status
B99131,118,technical
B99131,118,marital status
B99132,118,technical
B99141,118,technical
B99141,118,education
B99142,118,technical
B99142,118,education
B99151,118,technical
B99151,118,education
B99161,118,technical
B99161,118,language
B99162,118,technical
B99162,118,language
B99163,118,technical
B99171,118,technical
B99171,118,poverty
B99172,118,technical
B99172,118,poverty
B99172,118,families
B99191,118,technical
B99191,118,income
B99192,118,technical
B99192,118,families
B99192,118,income
B99193,118,technical
B99193,118,families
B99193,118,income
B99194,118,technical
B99194,118,roommates
B99194,118,families
B99194,118,income
B99201,118,technical
B99201,118,income
B99211,118,technical
B99211,118,veterans
B99212,118,technical
B99212,118,veterans
B99221,118,technical
B99221,118,public assistance
B99231,118,technical
B99231,118,employment
B99232,118,technical
B99232,118,employment
B99233,118,technical
B99233,118,employment
B99234,118,technical
B99234,118,employment
B99241,118,technical
B99241,118,employment
B99242,118,technical
B99242,118,employment
B99243,118,technical
B99243,118,employment
B99244,118,technical
B99244,118,employment
B99245,118,technical
B99245,118,employment
B99246,118,technical
B99246,118,employment
B992510,118,technical
B992510,118,physical characteristics
B992511,118,technical
B992511,118,physical characteristics
B992512,118,technical
B992512,118,commute
B992513,118,technical
B992514,118,technical
B992515,118,technical
B992515,118,costs and value
B992516,108,technical
B992516,108,costs and value
B992518,108,technical
B992518,108,costs and value
B992519,108,technical
B992519,108,costs and value
B99252,108,technical
B99252,108,tenure
B992520,108,technical
B992520,108,costs and value
B992521,108,technical
B992521,108,mortgage
B992522,108,technical
B992522,108,costs and value
B992522,108,mortgage
B992523,108,technical
B992523,108,costs and value
B99253,108,technical
B99253,108,occupancy
B99254,108,technical
B99254,108,physical characteristics
B99255,108,technical
B99255,108,physical characteristics
B99256,108,technical
B99256,108,physical characteristics
B99257,108,technical
B99257,108,families
B99257,108,tenure
B99258,108,technical
B99258,108,physical characteristics
B99259,108,technical
B99259,108,physical characteristics
C02003,12,race
C07201,23,migration
C07201PR,116,migration
C07202,23,migration
C07203,23,migration
C08134,29,commute
C08134,29,employment
C08136,29,commute
C08136,29,employment
C14007A,39,education
C14007A,39,race
C14007B,39,education
C14007B,39,race
C14007C,39,education
C14007C,39,race
C14007D,39,education
C14007D,39,race
C14007E,39,education
C14007E,39,race
C14007F,39,education
C14007F,39,race
C14007G,39,education
C14007G,39,race
C14007H,39,education
C14007H,39,race
C14007I,39,education
C14007I,39,race
C15002A,40,education
C15002A,40,race
C15002A,40,sex
C15002B,40,education
C15002B,40,race
C15002B,40,sex
C15002C,40,education
C15002C,40,race
C15002C,40,sex
C15002D,40,education
C15002D,40,race
C15002D,40,sex
C15002E,40,education
C15002E,40,race
C15002E,40,sex
C15002F,40,education
C15002F,40,race
C15002F,40,sex
C15002G,40,education
C15002G,40,race
C15002G,40,sex
C15002H,40,education
C15002H,40,race
C15002H,40,sex
C15002I,40,education
C15002I,40,race
C15002I,40,sex
C17002,46,poverty
C17002,46,income
C21001A,67,age
C21001A,67,race
C21001A,67,veterans
C21001A,67,sex
C21001B,67,age
C21001B,67,race
C21001B,67,veterans
C21001B,67,sex
C21001C,67,age
C21001C,67,race
C21001C,67,veterans
C21001C,67,sex
C21001D,67,age
C21001D,67,race
C21001D,67,veterans
C21001D,67,sex
C21001E,67,age
C21001E,67,race
C21001E,67,veterans
C21001E,67,sex
C21001F,67,age
C21001F,67,race
C21001F,67,veterans
C21001F,67,sex
C21001G,67,age
C21001G,67,race
C21001G,67,veterans
C21001G,67,sex
C21001H,67,age
C21001H,67,race
C21001H,67,veterans
C21001H,67,sex
C21001I,67,age
C21001I,67,race
C21001I,67,veterans
C21001I,67,sex
C23002A,69,age
C23002A,69,race
C23002A,69,employment
C23002A,69,sex
C23002B,69,age
C23002B,69,race
C23002B,69,employment
C23002B,69,sex
C23002C,70,age
C23002C,70,race
C23002C,70,employment
C23002C,70,sex
C23002D,70,age
C23002D,70,race
C23002D,70,employment
C23002D,70,sex
C23002E,70,age
C23002E,70,race
C23002E,70,employment
C23002E,70,sex
C23002F,70,age
C23002F,70,race
C23002F,70,employment
C23002F,70,sex
C23002G,70,age
C23002G,70,race
C23002G,70,employment
C23002G,70,sex
C23002H,70,age
C23002H,70,race
C23002H,70,employment
C23002H,70,sex
C23002I,70,age
C23002I,70,race
C23002I,70,employment
C23002I,70,sex
C24010,72,employment
C24010,72,sex
C24010A,72,race
C24010A,72,employment
C24010A,72,sex
C24010B,72,race
C24010B,72,employment
C24010B,72,sex
C24010C,72,race
C24010C,72,employment
C24010C,72,sex
C24010D,72,race
C24010D,72,employment
C24010D,72,sex
C24010E,72,race
C24010E,72,employment
C24010E,72,sex
C24010F,72,race
C24010F,72,employment
C24010F,72,sex
C24010G,72,race
C24010G,72,employment
C24010G,72,sex
C24010H,72,race
C24010H,72,employment
C24010H,72,sex
C24010I,72,race
C24010I,72,employment
C24010I,72,sex
C24020,73,employment
C24020,73,sex
C24030,74,employment
C24030,74,sex
C24040,75,employment
C24040,75,sex
C24050,75,employment
C24060,76,employment
C24070,76,employment
C25095,98,costs and value
C25095,98,housing
C25095,98,families
C25095,98,income
